trial,t_wall,t_sim,x,y,yaw,linear_x,angular_z,confidence,width,safety_margin,obstacle,center_points
1,0.12315182900056243,0.2039999999999509,9.707245247446775e-06,1.176528351045597e-07,1.8487251794234566e-07,0.0,0.0,0.0,0.0,0.0,False,0
1,0.2557371500006411,0.339999999999975,1.0499821227657243e-05,1.183301070582739e-07,1.8577200876684845e-07,0.0,0.0,0.0,0.0,0.0,False,0
1,0.3573306890029926,0.44199999999995043,1.1094253216123538e-05,1.1883806180765248e-07,1.864466262553424e-07,0.0,0.0,0.0,0.0,0.0,False,0
1,0.45915512499777833,0.5439999999999827,1.1688685207401819e-05,1.1934601722407134e-07,1.8712124316639516e-07,0.0,0.0,0.0,0.0,0.0,False,0
1,0.5612278650005464,0.6459999999999582,1.2283117201455224e-05,1.1985397330157098e-07,1.8779586012074038e-07,0.0,0.0,0.0,0.0,0.0,False,0
1,0.6631250150021515,0.7479999999999905,1.287754919824342e-05,1.2036193004826093e-07,1.8847047655484647e-07,0.0,0.0,0.0,0.0,0.0,False,0
1,0.7653727189972415,0.8499999999999659,1.3471981197797633e-05,1.2086988746889212e-07,1.891450934777317e-07,0.0,0.0,0.0,0.0,0.0,False,0
1,0.8674709109982359,0.9519999999999982,1.4066413200107455e-05,1.2137784556923376e-07,1.8981970959867102e-07,0.0,0.0,0.0,0.0,0.0,False,0
1,0.9695336040022084,1.0539999999999736,1.4660845205148598e-05,1.2188580432826665e-07,1.9049432528081458e-07,0.0,0.0,0.0,0.0,0.0,False,0
1,1.0715250869980082,1.156000000000006,1.5255277212897211e-05,1.2239376371991825e-07,1.9116894116536792e-07,0.0,0.0,0.0,0.0,0.0,False,0
1,1.1735141320023104,1.2579999999999814,1.5849709223296916e-05,1.2290172376964365e-07,1.9184355666593022e-07,0.0,0.0,0.0,0.0,0.0,False,0
1,1.275754816000699,1.3599999999999568,1.644414123643358e-05,1.2340968447956479e-07,1.925181719183283e-07,0.0,0.0,0.0,0.0,0.0,False,0
1,1.377908144997491,1.461999999999989,1.7038573252231744e-05,1.239176458503091e-07,1.931927871293096e-07,0.0,0.0,0.0,0.0,0.0,False,0
1,1.4800161329985713,1.5639999999999645,1.7633005270731306e-05,1.2442560788831938e-07,1.9386740167370994e-07,0.0,0.0,0.0,0.0,0.0,False,0
1,1.5821586360034416,1.6659999999999968,1.8227437291874586e-05,1.2493357060871488e-07,1.9454201618581817e-07,0.0,0.0,0.0,0.0,0.0,False,0
1,1.6844551750036771,1.7679999999999723,1.882186931565161e-05,1.2544153397968206e-07,1.9521663033549784e-07,0.0,0.0,0.0,0.0,0.0,False,0
1,1.7866274379994138,1.8700000000000045,1.9416301342161692e-05,1.2594949797696795e-07,1.9589124479212486e-07,0.0,0.0,0.0,0.0,0.0,False,0
1,1.888673897999979,1.97199999999998,2.0010733371286e-05,1.264574626790512e-07,1.9656585947836027e-07,0.0,0.0,0.0,0.0,0.0,False,0
1,1.9906110090014408,2.0739999999999554,2.0605165403074846e-05,1.269654280213556e-07,1.972404735166753e-07,0.0,0.0,0.0,0.0,0.0,False,0
1,2.092667083001288,2.1759999999999877,2.119959743745927e-05,1.274733940361285e-07,1.979150871325731e-07,0.0,0.0,0.0,0.0,0.0,False,0
1,2.194826060003834,2.277999999999963,2.179402947442453e-05,1.2798136066041486e-07,1.9858969993530823e-07,0.0,0.0,0.0,0.0,0.0,False,0
1,2.2967031090011005,2.3799999999999955,2.238846151395718e-05,1.2848932793872067e-07,1.9926431267706737e-07,0.0,0.0,0.0,0.0,0.0,False,0
1,2.3987098840007093,2.481999999999971,2.298289355613962e-05,1.2899729588552468e-07,1.999389259909555e-07,0.0,0.0,0.0,0.0,0.0,False,0
1,2.5009213930025,2.584000000000003,2.3577325600856493e-05,1.2950526449080072e-07,2.0061353859842612e-07,0.0,0.0,0.0,0.0,0.0,False,0
1,2.6032058940036222,2.6859999999999786,2.4171757648112132e-05,1.3001323373275855e-07,2.012881513137557e-07,0.0,0.0,0.0,0.0,0.0,False,0
1,2.705408095003804,2.787999999999954,2.4766189697868375e-05,1.3052120360986897e-07,2.0196276326034466e-07,0.0,0.0,0.0,0.0,0.0,False,0
1,2.807546377996914,2.8899999999999864,2.5360621750171192e-05,1.3102917411892697e-07,2.0263737509295525e-07,0.0,0.0,0.0,0.0,0.0,False,0
1,2.909777770000801,2.991999999999962,2.595505380508607e-05,1.31537145289212e-07,2.033119871655687e-07,0.0,0.0,0.0,0.0,0.0,False,0
1,3.0116432740032906,3.093999999999994,2.6549485862554026e-05,1.3204511710191529e-07,2.0398659903073932e-07,0.0,0.0,0.0,0.0,0.0,False,0
1,3.113596916999086,3.1959999999999695,2.714391792255121e-05,1.3255308954913425e-07,2.0466121089296143e-07,0.0,0.0,0.0,0.0,0.0,False,0
1,3.2156557880007313,3.298000000000002,2.7738349985055068e-05,1.330610626769052e-07,2.053358218451113e-07,0.0,0.0,0.0,0.0,0.0,False,0
1,3.3176917789969593,3.3999999999999773,2.8332782050009657e-05,1.3356903642512146e-07,2.0601043233994048e-07,0.0,0.0,0.0,0.0,0.0,False,0
1,3.4199654490003013,3.5019999999999527,2.8927214117446635e-05,1.3407701082110625e-07,2.0668504320824186e-07,0.0,0.0,0.0,0.0,0.0,False,0
1,3.522009391002939,3.603999999999985,2.9521646187356462e-05,1.3458498583697402e-07,2.0735965365648223e-07,0.0,0.0,0.0,0.0,0.0,False,0
1,3.6244361889985157,3.7059999999999604,3.011607825968406e-05,1.3509296147290307e-07,2.080342643922752e-07,0.0,0.0,0.0,0.0,0.0,False,0
1,3.7263696669979254,3.8079999999999927,3.071051033447106e-05,1.356009378293627e-07,2.0870887496516422e-07,0.0,0.0,0.0,0.0,0.0,False,0
1,3.828487448998203,3.909999999999968,3.130494241180377e-05,1.3610891477984396e-07,2.0938348418069518e-07,0.0,0.0,0.0,0.0,0.0,False,0
1,3.9305105690000346,4.0120000000000005,3.1899374491538204e-05,1.366168923783603e-07,2.100580934936771e-07,0.0,0.0,0.0,0.0,0.0,False,0
1,4.032565112996963,4.113999999999976,3.249380657368564e-05,1.371248705707718e-07,2.1073270252088512e-07,0.0,0.0,0.0,0.0,0.0,False,0
1,4.134645955004089,4.215999999999951,3.30882386582851e-05,1.3763284940883184e-07,2.1140731185787131e-07,0.0,0.0,0.0,0.0,0.0,False,0
1,4.2366686259993,4.317999999999984,3.368267074527458e-05,1.3814082889542423e-07,2.120819213334178e-07,0.0,0.0,0.0,0.0,0.0,False,0
1,4.338648933000513,4.419999999999959,3.427710283462632e-05,1.3864880896590301e-07,2.127565297658884e-07,0.0,0.0,0.0,0.0,0.0,False,0
1,4.440970294999715,4.521999999999991,3.4871534926392365e-05,1.391567896788937e-07,2.1343113875114945e-07,0.0,0.0,0.0,0.0,0.0,False,0
1,4.543188632997044,4.623999999999967,3.5465967020537146e-05,1.396647710403887e-07,2.14105746909624e-07,0.0,0.0,0.0,0.0,0.0,False,0
1,4.645395172999997,4.725999999999999,3.6060399117029875e-05,1.4017275297577703e-07,2.1478035458704694e-07,0.0,0.0,0.0,0.0,0.0,False,0
1,4.7474563240029966,4.8279999999999745,3.66548312159265e-05,1.406807355761115e-07,2.154549629003428e-07,0.0,0.0,0.0,0.0,0.0,False,0
1,4.849663843997405,4.92999999999995,3.724926331721921e-05,1.4118871885065948e-07,2.1612957084996246e-07,0.0,0.0,0.0,0.0,0.0,False,0
1,4.95162502599851,5.031999999999982,3.784369542075188e-05,1.4169670268871273e-07,2.1680417847834055e-07,0.0,0.0,0.0,0.0,0.0,False,0
1,5.0535162029991625,5.133999999999958,3.8438127526708825e-05,1.4220468721300102e-07,2.1747878598616306e-07,0.0,0.0,0.0,0.0,0.0,False,0
1,5.155700463998073,5.23599999999999,3.903255963493956e-05,1.4271267233895915e-07,2.1815339273760733e-07,0.0,0.0,0.0,0.0,0.0,False,0
1,5.257655022003746,5.337999999999965,3.9626991745521714e-05,1.432206580704146e-07,2.1882799942737426e-07,0.0,0.0,0.0,0.0,0.0,False,0
1,5.359709251002641,5.439999999999998,4.0221423858414086e-05,1.4372864447130026e-07,2.195026063114104e-07,0.0,0.0,0.0,0.0,0.0,False,0
1,5.461859513998206,5.541999999999973,4.08158559734779e-05,1.4423663140994982e-07,2.20177213117702e-07,0.0,0.0,0.0,0.0,0.0,False,0
1,5.564147785000387,5.6440000000000055,4.141028809096208e-05,1.4474461902594534e-07,2.2085181952199488e-07,0.0,0.0,0.0,0.0,0.0,False,0
1,5.6663915350000025,5.745999999999981,4.200472021067799e-05,1.452526072317477e-07,2.215264256315731e-07,0.0,0.0,0.0,0.0,0.0,False,0
1,5.768404367001494,5.847999999999956,4.25991523326872e-05,1.4576059608260005e-07,2.2220103189684465e-07,0.0,0.0,0.0,0.0,0.0,False,0
1,5.870628153003054,5.949999999999989,4.3193584456981474e-05,1.462685855360372e-07,2.2287563758139997e-07,0.0,0.0,0.0,0.0,0.0,False,0
1,5.97260273899883,6.051999999999964,4.378801658354e-05,1.46776575584857e-07,2.2355024304041352e-07,0.0,0.0,0.0,0.0,0.0,False,0
1,6.074811922997469,6.153999999999996,4.438244871234932e-05,1.4728456632122112e-07,2.2422484881073813e-07,0.0,0.0,0.0,0.0,0.0,False,0
1,6.176760449998255,6.255999999999972,4.497688084341466e-05,1.4779255755729777e-07,2.248994539647667e-07,0.0,0.0,0.0,0.0,0.0,False,0
1,6.278654052999627,6.358000000000004,4.557131297671041e-05,1.4830054949445046e-07,2.255740590545492e-07,0.0,0.0,0.0,0.0,0.0,False,0
1,6.3808245199979865,6.4599999999999795,4.6165745112148986e-05,1.4880854199895145e-07,2.2624866398928133e-07,0.0,0.0,0.0,0.0,0.0,False,0
1,6.482892785999866,6.561999999999955,4.676017724980887e-05,1.4931653510607557e-07,2.2692326845796125e-07,0.0,0.0,0.0,0.0,0.0,False,0
1,6.585236498998711,6.663999999999987,4.735460938966058e-05,1.4982452887049236e-07,2.2759787302231083e-07,0.0,0.0,0.0,0.0,0.0,False,0
1,6.687285760002851,6.765999999999963,4.794904153165207e-05,1.503325231906877e-07,2.282724774944455e-07,0.0,0.0,0.0,0.0,0.0,False,0
1,6.789509205002105,6.867999999999995,4.8543473675914314e-05,1.508405181615844e-07,2.2894708164770613e-07,0.0,0.0,0.0,0.0,0.0,False,0
1,6.891544245001569,6.96999999999997,4.913790582231287e-05,1.51348513701986e-07,2.2962168545002285e-07,0.0,0.0,0.0,0.0,0.0,False,0
1,6.99349668299692,7.072000000000003,4.9732337970915825e-05,1.5185650984150275e-07,2.3029628918476444e-07,0.0,0.0,0.0,0.0,0.0,False,0
1,7.095492184998875,7.173999999999978,5.0326770121698894e-05,1.5236450663443939e-07,2.3097089228929552e-07,0.0,0.0,0.0,0.0,0.0,False,0
1,7.197672750997299,7.275999999999954,5.092120227457968e-05,1.528725039728184e-07,2.316454959672884e-07,0.0,0.0,0.0,0.0,0.0,False,0
1,7.299815717000456,7.377999999999986,5.151563442963277e-05,1.5338050196034783e-07,2.323200990568415e-07,0.0,0.0,0.0,0.0,0.0,False,0
1,7.402188095002202,7.479999999999961,5.211006658683388e-05,1.5388850056416356e-07,2.3299470213543668e-07,0.0,0.0,0.0,0.0,0.0,False,0
1,7.504422584002896,7.581999999999994,5.270449874615352e-05,1.543964996852849e-07,2.336693046733853e-07,0.0,0.0,0.0,0.0,0.0,False,0
1,7.606370947003597,7.683999999999969,5.329893090763767e-05,1.5490449952066706e-07,2.3434390749622692e-07,0.0,0.0,0.0,0.0,0.0,False,0
1,7.708384962003038,7.786000000000001,5.3893363071164015e-05,1.5541249986606538e-07,2.350185099519231e-07,0.0,0.0,0.0,0.0,0.0,False,0
1,7.810533529001987,7.887999999999977,5.448779523688175e-05,1.5592050087846544e-07,2.3569311203278396e-07,0.0,0.0,0.0,0.0,0.0,False,0
1,7.912555941999017,7.989999999999952,5.50822274045697e-05,1.5642850250761483e-07,2.3636771439900348e-07,0.0,0.0,0.0,0.0,0.0,False,0
1,8.014540734999173,8.091999999999985,5.5676659574444703e-05,1.5693650467047565e-07,2.370423163508651e-07,0.0,0.0,0.0,0.0,0.0,False,0
1,8.116650746000232,8.19399999999996,5.627109174631637e-05,1.5744450747666006e-07,2.3771691816369947e-07,0.0,0.0,0.0,0.0,0.0,False,0
1,8.218843075999757,8.295999999999992,5.686552392031698e-05,1.5795251083947652e-07,2.3839151997064942e-07,0.0,0.0,0.0,0.0,0.0,False,0
1,8.321032350002497,8.397999999999968,5.7459956096416603e-05,1.5846051481539742e-07,2.390661212077239e-07,0.0,0.0,0.0,0.0,0.0,False,0
1,8.423309074001736,8.5,5.805438827447603e-05,1.5896851941262016e-07,2.3974072281844974e-07,0.0,0.0,0.0,0.0,0.0,False,0
1,8.525504693003313,8.601999999999975,5.8648820454655724e-05,1.594765245713727e-07,2.4041532389683304e-07,0.0,0.0,0.0,0.0,0.0,False,0
1,8.627663744999154,8.70399999999995,5.924325263676356e-05,1.5998453033845182e-07,2.4108992498477214e-07,0.0,0.0,0.0,0.0,0.0,False,0
1,8.729693713001325,8.805999999999983,5.98376848210359e-05,1.604925366869788e-07,2.4176452599870914e-07,0.0,0.0,0.0,0.0,0.0,False,0
1,8.831603163998807,8.907999999999959,6.0432117007263274e-05,1.610005436451206e-07,2.4243912597602526e-07,0.0,0.0,0.0,0.0,0.0,False,0
1,8.933493812997767,9.009999999999991,6.102654919553632e-05,1.6150855120043503e-07,2.4311372643340386e-07,0.0,0.0,0.0,0.0,0.0,False,0
1,9.03558329900261,9.111999999999966,6.16209813858533e-05,1.6201655929407012e-07,2.4378832637843145e-07,0.0,0.0,0.0,0.0,0.0,False,0
1,9.137492440997448,9.213999999999999,6.22154135781366e-05,1.6252456806308778e-07,2.444629261524116e-07,0.0,0.0,0.0,0.0,0.0,False,0
1,9.239912639997783,9.315999999999974,6.280984577240788e-05,1.63032577315618e-07,2.451375263182309e-07,0.0,0.0,0.0,0.0,0.0,False,0
1,9.342161704997125,9.418000000000006,6.340427796868017e-05,1.635405872074427e-07,2.458121256982493e-07,0.0,0.0,0.0,0.0,0.0,False,0
1,9.44446273399808,9.519999999999982,6.399871016688884e-05,1.6404859768457715e-07,2.464867257106127e-07,0.0,0.0,0.0,0.0,0.0,False,0
1,9.546492357003444,9.621999999999957,6.45931423670777e-05,1.6455660870131008e-07,2.471613252351043e-07,0.0,0.0,0.0,0.0,0.0,False,0
1,9.648485538004024,9.72399999999999,6.518757456921553e-05,1.6506462035913358e-07,2.4783592426989515e-07,0.0,0.0,0.0,0.0,0.0,False,0
1,9.750556929000595,9.825999999999965,6.578200677329494e-05,1.6557263251670202e-07,2.485105228548039e-07,0.0,0.0,0.0,0.0,0.0,False,0
1,9.852603341001668,9.927999999999997,6.637643897926997e-05,1.6608064536208956e-07,2.491851215599868e-07,0.0,0.0,0.0,0.0,0.0,False,0
1,9.954722203001438,10.029999999999973,6.697087118715753e-05,1.665886587237049e-07,2.498597204320861e-07,0.0,0.0,0.0,0.0,0.0,False,0
1,10.056776019002427,10.132000000000005,6.756530339709728e-05,1.6709667264557127e-07,2.505343188807314e-07,0.0,0.0,0.0,0.0,0.0,False,0
1,10.15898050100077,10.23399999999998,6.815973560893914e-05,1.676046872045771e-07,2.5120891793180334e-07,0.0,0.0,0.0,0.0,0.0,False,0
1,10.261058185002184,10.335999999999956,6.875416782268487e-05,1.6811270232734816e-07,2.5188351622376196e-07,0.0,0.0,0.0,0.0,0.0,False,0
1,10.363159667002037,10.437999999999988,6.934860003837391e-05,1.6862071803252376e-07,2.5255811418053424e-07,0.0,0.0,0.0,0.0,0.0,False,0
1,10.465502683000523,10.539999999999964,6.994303225601236e-05,1.6912873434432789e-07,2.5323271172500243e-07,0.0,0.0,0.0,0.0,0.0,False,0
1,10.567541835000156,10.641999999999996,7.053746447549698e-05,1.6963675115299778e-07,2.5390730892235054e-07,0.0,0.0,0.0,0.0,0.0,False,0
1,10.6695626849978,10.743999999999971,7.113189669685207e-05,1.7014476862022656e-07,2.545819062683958e-07,0.0,0.0,0.0,0.0,0.0,False,0
1,10.771688200002245,10.846000000000004,7.172632892008804e-05,1.7065278662698912e-07,2.552565033091591e-07,0.0,0.0,0.0,0.0,0.0,False,0
1,10.873589303002518,10.947999999999979,7.232076114516367e-05,1.7116080520865345e-07,2.559311003804045e-07,0.0,0.0,0.0,0.0,0.0,False,0
1,10.97572299499734,11.049999999999955,7.291519337213623e-05,1.716688243667601e-07,2.566056983659895e-07,0.0,0.0,0.0,0.0,0.0,False,0
1,11.077926037003635,11.151999999999987,7.35096256009606e-05,1.721768441086936e-07,2.572802952815731e-07,0.0,0.0,0.0,0.0,0.0,False,0
1,11.18013418099872,11.253999999999962,7.410405783161815e-05,1.7268486443292327e-07,2.5795489172656724e-07,0.0,0.0,0.0,0.0,0.0,False,0
1,11.282231031000265,11.355999999999995,7.469849006418736e-05,1.7319288528958046e-07,2.5862948799870306e-07,0.0,0.0,0.0,0.0,0.0,False,0
1,11.384345177997602,11.45799999999997,7.529292229853553e-05,1.7370090676851583e-07,2.593040842674632e-07,0.0,0.0,0.0,0.0,0.0,False,0
1,11.486684506999154,11.560000000000002,7.588735453472814e-05,1.7420892878764413e-07,2.599786802220037e-07,0.0,0.0,0.0,0.0,0.0,False,0
1,11.588516734998848,11.661999999999978,7.648178677271489e-05,1.7471695139374043e-07,2.606532752222161e-07,0.0,0.0,0.0,0.0,0.0,False,0
1,11.690646752998873,11.763999999999953,7.707621901252484e-05,1.7522497453174997e-07,2.61327871781343e-07,0.0,0.0,0.0,0.0,0.0,False,0
1,11.79265291900083,11.865999999999985,7.767065125413369e-05,1.7573299827980192e-07,2.6200246730821114e-07,0.0,0.0,0.0,0.0,0.0,False,0
1,11.894795164000243,11.967999999999961,7.826508349755273e-05,1.7624102255448293e-07,2.626770632125354e-07,0.0,0.0,0.0,0.0,0.0,False,0
1,11.99703348500043,12.069999999999993,7.885951574272644e-05,1.7674904740504435e-07,2.6335165859907905e-07,0.0,0.0,0.0,0.0,0.0,False,0
1,12.099394491000567,12.171999999999969,7.945394798966133e-05,1.772570728279108e-07,2.6402625370064345e-07,0.0,0.0,0.0,0.0,0.0,False,0
1,12.201400067999202,12.274000000000001,8.004838023844153e-05,1.777650988146298e-07,2.6470084854384856e-07,0.0,0.0,0.0,0.0,0.0,False,0
2,0.11163412899622926,0.17000000000001592,9.509101355279197e-06,1.1748434917988526e-07,1.8464665381953162e-07,0.0,0.0,0.0,0.0,0.0,False,0
2,0.21360277099302039,0.27199999999999136,1.0103533345454628e-05,1.1799230180078074e-07,1.8532127042221593e-07,0.0,0.0,0.0,0.0,0.0,False,0
2,0.31593084199994337,0.37400000000002365,1.069796533839304e-05,1.1850025509640514e-07,1.8599588673364258e-07,0.0,0.0,0.0,0.0,0.0,False,0
2,0.4179869189974852,0.4759999999999991,1.1292397334175096e-05,1.190082090379413e-07,1.8667050274565751e-07,0.0,0.0,0.0,0.0,0.0,False,0
2,0.5200507329936954,0.5780000000000314,1.1886829332730543e-05,1.195161636772909e-07,1.8734511845931398e-07,0.0,0.0,0.0,0.0,0.0,False,0
2,0.6220623499975773,0.6800000000000068,1.2481261334050704e-05,1.2002411895150953e-07,1.8801973389796384e-07,0.0,0.0,0.0,0.0,0.0,False,0
2,0.7242569279987947,0.7819999999999823,1.3075693338071397e-05,1.2053207492951433e-07,1.8869434916944214e-07,0.0,0.0,0.0,0.0,0.0,False,0
2,0.8261270969960606,0.8840000000000146,1.3670125344898872e-05,1.2104003156605154e-07,1.8936896432260418e-07,0.0,0.0,0.0,0.0,0.0,False,0
2,0.9283114439967903,0.98599999999999,1.4264557354455067e-05,1.2154798883038333e-07,1.9004357918566392e-07,0.0,0.0,0.0,0.0,0.0,False,0
2,1.030611644993769,1.0880000000000223,1.4858989366728272e-05,1.220559468226122e-07,1.9071819409764883e-07,0.0,0.0,0.0,0.0,0.0,False,0
2,1.1327406689961208,1.1899999999999977,1.5453421381716754e-05,1.225639054046782e-07,1.9139280866198432e-07,0.0,0.0,0.0,0.0,0.0,False,0
2,1.2346564069957822,1.29200000000003,1.604785339940013e-05,1.2307186465261195e-07,1.9206742290883373e-07,0.0,0.0,0.0,0.0,0.0,False,0
2,1.3368695709941676,1.3940000000000055,1.664228541980355e-05,1.235798245932398e-07,1.9274203710169196e-07,0.0,0.0,0.0,0.0,0.0,False,0
2,1.4390396579983644,1.4960000000000377,1.7236717442884516e-05,1.2408778515860362e-07,1.934166507217685e-07,0.0,0.0,0.0,0.0,0.0,False,0
2,1.5409476199929486,1.5980000000000132,1.7831149468628717e-05,1.2459574642062334e-07,1.9409126407043436e-07,0.0,0.0,0.0,0.0,0.0,False,0
2,1.6430492119980045,1.6999999999999886,1.8425581496970232e-05,1.2510370829612225e-07,1.9476587706671635e-07,0.0,0.0,0.0,0.0,0.0,False,0
2,1.7451965979998931,1.802000000000021,1.9020013527925976e-05,1.2561167084210893e-07,1.9544048991596566e-07,0.0,0.0,0.0,0.0,0.0,False,0
2,1.8470847239950672,1.9039999999999964,1.9614445561590057e-05,1.2611963405470887e-07,1.9611510260749661e-07,0.0,0.0,0.0,0.0,0.0,False,0
2,1.9492948469996918,2.0060000000000286,2.02088775979113e-05,1.2662759791897594e-07,1.9678971524897054e-07,0.0,0.0,0.0,0.0,0.0,False,0
2,2.0515563059962005,2.108000000000004,2.080330963687019e-05,1.27135562413716e-07,1.974643276160835e-07,0.0,0.0,0.0,0.0,0.0,False,0
2,2.153806894995796,2.2100000000000364,2.1397741678434203e-05,1.2764352755433087e-07,1.981389397280312e-07,0.0,0.0,0.0,0.0,0.0,False,0
2,2.255891098997381,2.312000000000012,2.199217372262762e-05,1.2815149335665882e-07,1.9881355130857988e-07,0.0,0.0,0.0,0.0,0.0,False,0
2,2.3579853669943986,2.4139999999999873,2.2586605769382793e-05,1.2865945976883813e-07,1.994881630890129e-07,0.0,0.0,0.0,0.0,0.0,False,0
2,2.4600351029948797,2.5160000000000196,2.3181037818684105e-05,1.2916742686707903e-07,2.0016277475952946e-07,0.0,0.0,0.0,0.0,0.0,False,0
2,2.5620785529972636,2.617999999999995,2.377546987056842e-05,1.29675394633474e-07,2.0083738614098417e-07,0.0,0.0,0.0,0.0,0.0,False,0
2,2.6642531769975903,2.7200000000000273,2.4369901924990636e-05,1.3018336301891392e-07,2.0151199719330208e-07,0.0,0.0,0.0,0.0,0.0,False,0
2,2.766855330999533,2.8220000000000027,2.4964333981976772e-05,1.3069133204429567e-07,2.0218660744859366e-07,0.0,0.0,0.0,0.0,0.0,False,0
2,2.8686853459948907,2.924000000000035,2.5558766041478692e-05,1.3119930174525497e-07,2.0286121819737382e-07,0.0,0.0,0.0,0.0,0.0,False,0
2,2.9706782679932076,3.0260000000000105,2.61531981035441e-05,1.3170727204314054e-07,2.0353582845344094e-07,0.0,0.0,0.0,0.0,0.0,False,0
2,3.072793222992914,3.127999999999986,2.6747630168132662e-05,1.3221524301050035e-07,2.04210439030096e-07,0.0,0.0,0.0,0.0,0.0,False,0
2,3.175006636993203,3.230000000000018,2.734206223523397e-05,1.3272321462309835e-07,2.0488504956212793e-07,0.0,0.0,0.0,0.0,0.0,False,0
2,3.2769880179985194,3.3319999999999936,2.7936494304823308e-05,1.3323118685498693e-07,2.0555965916350365e-07,0.0,0.0,0.0,0.0,0.0,False,0
2,3.3789351789964712,3.434000000000026,2.8530926376930162e-05,1.337391597668655e-07,2.0623426816901334e-07,0.0,0.0,0.0,0.0,0.0,False,0
2,3.480914710999059,3.5360000000000014,2.9125358451510732e-05,1.3424713322076974e-07,2.0690887711644312e-07,0.0,0.0,0.0,0.0,0.0,False,0
2,3.5830772789995535,3.6380000000000337,2.971979052849346e-05,1.347551073570676e-07,2.0758348587010634e-07,0.0,0.0,0.0,0.0,0.0,False,0
2,3.6852286039938917,3.740000000000009,3.0314222607962914e-05,1.3526308215284952e-07,2.0825809500434312e-07,0.0,0.0,0.0,0.0,0.0,False,0
2,3.7872233459929703,3.8419999999999845,3.0908654689847104e-05,1.3577105758773507e-07,2.0893270371909163e-07,0.0,0.0,0.0,0.0,0.0,False,0
2,3.8895211109993397,3.944000000000017,3.150308677426139e-05,1.3627903366925162e-07,2.0960731206695123e-07,0.0,0.0,0.0,0.0,0.0,False,0
2,3.991772993998893,4.045999999999992,3.2097518861064385e-05,1.367870103116349e-07,2.102819198415164e-07,0.0,0.0,0.0,0.0,0.0,False,0
2,4.093973112998356,4.148000000000025,3.2691950950320715e-05,1.372949876229949e-07,2.1095652789078914e-07,0.0,0.0,0.0,0.0,0.0,False,0
2,4.19594768499519,4.25,3.3286383041990913e-05,1.3780296556886403e-07,2.116311364042552e-07,0.0,0.0,0.0,0.0,0.0,False,0
2,4.297960603995307,4.352000000000032,3.388081513598521e-05,1.3831094417788429e-07,2.1230574408585446e-07,0.0,0.0,0.0,0.0,0.0,False,0
2,4.400032289995579,4.454000000000008,3.4475247232445844e-05,1.3881892338082822e-07,2.1298035170952498e-07,0.0,0.0,0.0,0.0,0.0,False,0
2,4.5020357519970275,4.555999999999983,3.506967933128392e-05,1.393269032140447e-07,2.1365495875874794e-07,0.0,0.0,0.0,0.0,0.0,False,0
2,4.604039212994394,4.6580000000000155,3.5664111432466474e-05,1.398348836774073e-07,2.1432956522401747e-07,0.0,0.0,0.0,0.0,0.0,False,0
2,4.706055316994025,4.759999999999991,3.6258543536075907e-05,1.4034286472963853e-07,2.1500417185006447e-07,0.0,0.0,0.0,0.0,0.0,False,0
2,4.808281770994654,4.862000000000023,3.68529756420051e-05,1.4085084645463397e-07,2.1567877846682857e-07,0.0,0.0,0.0,0.0,0.0,False,0
2,4.910429874995316,4.963999999999999,3.744740775029872e-05,1.4135882877656079e-07,2.1635338505518989e-07,0.0,0.0,0.0,0.0,0.0,False,0
2,5.012769830995239,5.066000000000031,3.804183986093768e-05,1.418668117475278e-07,2.170279913188242e-07,0.0,0.0,0.0,0.0,0.0,False,0
2,5.114831820996187,5.168000000000006,3.8636271973905515e-05,1.423747953097668e-07,2.1770259720479641e-07,0.0,0.0,0.0,0.0,0.0,False,0
2,5.216995342998416,5.270000000000039,3.923070408914757e-05,1.4288277951455522e-07,2.183772025900455e-07,0.0,0.0,0.0,0.0,0.0,False,0
2,5.319063576993358,5.372000000000014,3.9825136206746246e-05,1.433907643043317e-07,2.190518076614434e-07,0.0,0.0,0.0,0.0,0.0,False,0
2,5.421061584995186,5.4739999999999895,4.041956832659746e-05,1.4389874970966331e-07,2.1972641313914084e-07,0.0,0.0,0.0,0.0,0.0,False,0
2,5.523129216999223,5.576000000000022,4.101400044871292e-05,1.4440673576458408e-07,2.2040101885109593e-07,0.0,0.0,0.0,0.0,0.0,False,0
2,5.625315680998028,5.677999999999997,4.160843257316549e-05,1.449147224378161e-07,2.2107562367604007e-07,0.0,0.0,0.0,0.0,0.0,False,0
2,5.727086210994457,5.78000000000003,4.2202864699861925e-05,1.4542270971432387e-07,2.2175022836407135e-07,0.0,0.0,0.0,0.0,0.0,False,0
2,5.829123593997792,5.882000000000005,4.279729682892929e-05,1.459306975864215e-07,2.2242483229350547e-07,0.0,0.0,0.0,0.0,0.0,False,0
2,5.931399163993774,5.984000000000037,4.3391728960161594e-05,1.464386860836139e-07,2.230994365078392e-07,0.0,0.0,0.0,0.0,0.0,False,0
2,6.0335391069966136,6.086000000000013,4.398616109373447e-05,1.4694667520635434e-07,2.237740403907236e-07,0.0,0.0,0.0,0.0,0.0,False,0
2,6.135890409997955,6.187999999999988,4.458059322948746e-05,1.474546649164058e-07,2.2444864438647546e-07,0.0,0.0,0.0,0.0,0.0,False,0
2,6.23799617599434,6.2900000000000205,4.517502536751988e-05,1.479626552621805e-07,2.25123248409932e-07,0.0,0.0,0.0,0.0,0.0,False,0
2,6.34003354399465,6.391999999999996,4.5769457507734146e-05,1.484706462046083e-07,2.257978518444252e-07,0.0,0.0,0.0,0.0,0.0,False,0
2,6.441958259994863,6.494000000000028,4.636388965014674e-05,1.4897863778061035e-07,2.264724550097412e-07,0.0,0.0,0.0,0.0,0.0,False,0
2,6.543921750999289,6.596000000000004,4.695832179480667e-05,1.494866299463043e-07,2.2714705818545833e-07,0.0,0.0,0.0,0.0,0.0,False,0
2,6.645921543997247,6.698000000000036,4.755275394165365e-05,1.4999462269201077e-07,2.2782166105984338e-07,0.0,0.0,0.0,0.0,0.0,False,0
2,6.748135857997113,6.800000000000011,4.8147186090628704e-05,1.505026160626854e-07,2.2849626428347968e-07,0.0,0.0,0.0,0.0,0.0,False,0
2,6.850446865995764,6.901999999999987,4.8741618241878414e-05,1.5101061007632263e-07,2.2917086706704944e-07,0.0,0.0,0.0,0.0,0.0,False,0
2,6.952725748997182,7.004000000000019,4.933605039529826e-05,1.5151860465983034e-07,2.2984546932796757e-07,0.0,0.0,0.0,0.0,0.0,False,0
2,7.054936186999839,7.1059999999999945,4.9930482550874806e-05,1.5202659986771534e-07,2.305200716572299e-07,0.0,0.0,0.0,0.0,0.0,False,0
2,7.156952362995071,7.208000000000027,5.052491470857248e-05,1.525345957145257e-07,2.311946733868046e-07,0.0,0.0,0.0,0.0,0.0,False,0
2,7.258936344995163,7.310000000000002,5.1119346868383486e-05,1.5304259210367197e-07,2.318692754005987e-07,0.0,0.0,0.0,0.0,0.0,False,0
2,7.361011278997466,7.412000000000035,5.1713779030326465e-05,1.5355058912337775e-07,2.3254387645758548e-07,0.0,0.0,0.0,0.0,0.0,False,0
2,7.463022645999445,7.51400000000001,5.2308211194419633e-05,1.5405858669985573e-07,2.3321847834058467e-07,0.0,0.0,0.0,0.0,0.0,False,0
2,7.565118350998091,7.6159999999999854,5.2902643360672966e-05,1.5456658492482317e-07,2.3389307954692172e-07,0.0,0.0,0.0,0.0,0.0,False,0
2,7.667110486996535,7.718000000000018,5.349707552900797e-05,1.5507458368331064e-07,2.3456768059639322e-07,0.0,0.0,0.0,0.0,0.0,False,0
2,7.769334355994943,7.819999999999993,5.409150769945196e-05,1.5558258312050462e-07,2.3524228183112945e-07,0.0,0.0,0.0,0.0,0.0,False,0
2,7.8715675589992316,7.9220000000000255,5.468593987205351e-05,1.560905831087098e-07,2.359168823112808e-07,0.0,0.0,0.0,0.0,0.0,False,0
2,7.973842483996123,8.024000000000001,5.5280372046713315e-05,1.5659858369496119e-07,2.3659148278337702e-07,0.0,0.0,0.0,0.0,0.0,False,0
2,8.075847113999771,8.126000000000033,5.5874804223465194e-05,1.5710658489181717e-07,2.3726608309867517e-07,0.0,0.0,0.0,0.0,0.0,False,0
2,8.178007270995295,8.228000000000009,5.646923640230178e-05,1.5761458665477212e-07,2.3794068321338892e-07,0.0,0.0,0.0,0.0,0.0,False,0
2,8.280029780995392,8.329999999999984,5.70636685831385e-05,1.5812258900501717e-07,2.386152834341403e-07,0.0,0.0,0.0,0.0,0.0,False,0
2,8.382061399999657,8.432000000000016,5.7658100766072064e-05,1.586305920182382e-07,2.39289883495947e-07,0.0,0.0,0.0,0.0,0.0,False,0
2,8.484124048998638,8.533999999999992,5.82525329509637e-05,1.5913859556320798e-07,2.399644834402505e-07,0.0,0.0,0.0,0.0,0.0,False,0
2,8.586057647997222,8.636000000000024,5.884696513793787e-05,1.596465997160559e-07,2.40639082893489e-07,0.0,0.0,0.0,0.0,0.0,False,0
2,8.68825982099952,8.738,5.94413973269421e-05,1.6015460446819123e-07,2.413136815546304e-07,0.0,0.0,0.0,0.0,0.0,False,0
2,8.790816861997882,8.840000000000032,6.003582951801369e-05,1.6066260975243324e-07,2.4198828026581913e-07,0.0,0.0,0.0,0.0,0.0,False,0
2,8.892670277993602,8.942000000000007,6.063026171112488e-05,1.611706156687185e-07,2.4266287900418613e-07,0.0,0.0,0.0,0.0,0.0,False,0
2,8.994915622999542,9.043999999999983,6.12246939061911e-05,1.6167862215130023e-07,2.433374777390021e-07,0.0,0.0,0.0,0.0,0.0,False,0
2,9.097096318997501,9.146000000000015,6.181912610332338e-05,1.6218662923968748e-07,2.4401207662180004e-07,0.0,0.0,0.0,0.0,0.0,False,0
2,9.199069419999432,9.24799999999999,6.241355830245536e-05,1.6269463686401764e-07,2.4468667449867165e-07,0.0,0.0,0.0,0.0,0.0,False,0
2,9.301066619998892,9.350000000000023,6.300799050347429e-05,1.6320264515553237e-07,2.453612724103502e-07,0.0,0.0,0.0,0.0,0.0,False,0
2,9.403069230997062,9.451999999999998,6.360242270657358e-05,1.6371065397794455e-07,2.460358700577691e-07,0.0,0.0,0.0,0.0,0.0,False,0
2,9.505229750997387,9.55400000000003,6.419685491156719e-05,1.6421866338082537e-07,2.4671046775688007e-07,0.0,0.0,0.0,0.0,0.0,False,0
2,9.60731349199341,9.656000000000006,6.479128711858219e-05,1.6472667341261338e-07,2.473850654536543e-07,0.0,0.0,0.0,0.0,0.0,False,0
2,9.709464661995298,9.758000000000038,6.538571932753487e-05,1.652346839598731e-07,2.480596628034376e-07,0.0,0.0,0.0,0.0,0.0,False,0
2,9.811630341995624,9.860000000000014,6.598015153843782e-05,1.6574269513328213e-07,2.487342601724102e-07,0.0,0.0,0.0,0.0,0.0,False,0
2,9.913730522996048,9.961999999999989,6.657458375131141e-05,1.6625070687662753e-07,2.494088572481002e-07,0.0,0.0,0.0,0.0,0.0,False,0
2,10.015886734996457,10.064000000000021,6.716901596602902e-05,1.667587192110169e-07,2.5008345426531106e-07,0.0,0.0,0.0,0.0,0.0,False,0
2,10.118018681998365,10.165999999999997,6.776344818270686e-05,1.6726673215979527e-07,2.507580505969049e-07,0.0,0.0,0.0,0.0,0.0,False,0
2,10.220035916994675,10.268000000000029,6.835788040133323e-05,1.677747456137298e-07,2.514326478208663e-07,0.0,0.0,0.0,0.0,0.0,False,0
2,10.323527066997485,10.370000000000005,6.895231262184654e-05,1.682827596974901e-07,2.5210724429225427e-07,0.0,0.0,0.0,0.0,0.0,False,0
2,10.42491266799334,10.472000000000037,6.954674484423422e-05,1.68790774310402e-07,2.527818403910627e-07,0.0,0.0,0.0,0.0,0.0,False,0
2,10.526612947993272,10.574000000000012,7.014117706858865e-05,1.6929878955645757e-07,2.5345643651053173e-07,0.0,0.0,0.0,0.0,0.0,False,0
2,10.628666077995149,10.675999999999988,7.073560929477928e-05,1.6980680536020228e-07,2.5413103230775724e-07,0.0,0.0,0.0,0.0,0.0,False,0
2,10.73092582499521,10.77800000000002,7.133004152281306e-05,1.7031482168379145e-07,2.5480562823873847e-07,0.0,0.0,0.0,0.0,0.0,False,0
2,10.832900195993716,10.879999999999995,7.192447375281184e-05,1.7082283868310678e-07,2.554802241456405e-07,0.0,0.0,0.0,0.0,0.0,False,0
2,10.93496077099553,10.982000000000028,7.25189059846889e-05,1.7133085618673796e-07,2.561548198088945e-07,0.0,0.0,0.0,0.0,0.0,False,0
2,11.036989672997152,11.084000000000003,7.311333821838524e-05,1.718388742865019e-07,2.568294148984007e-07,0.0,0.0,0.0,0.0,0.0,False,0
2,11.139152161995298,11.186000000000035,7.370777045397764e-05,1.723468929904337e-07,2.5750401045209395e-07,0.0,0.0,0.0,0.0,0.0,False,0
2,11.241123014995537,11.288000000000011,7.430220269141405e-05,1.728549121888032e-07,2.581786053267642e-07,0.0,0.0,0.0,0.0,0.0,False,0
2,11.343384065999999,11.389999999999986,7.489663493072179e-05,1.733629320292925e-07,2.588531995163065e-07,0.0,0.0,0.0,0.0,0.0,False,0
2,11.445618944999296,11.492000000000019,7.549106717191605e-05,1.738709523431068e-07,2.5952779397055135e-07,0.0,0.0,0.0,0.0,0.0,False,0
2,11.547923775993695,11.593999999999994,7.608549941484242e-05,1.7437897329804674e-07,2.6020238875552495e-07,0.0,0.0,0.0,0.0,0.0,False,0
2,11.649848004999512,11.696000000000026,7.667993165956467e-05,1.7488699480103694e-07,2.6087698286993513e-07,0.0,0.0,0.0,0.0,0.0,False,0
2,11.751923198993609,11.798000000000002,7.727436390609277e-05,1.7539501685802584e-07,2.615515771879601e-07,0.0,0.0,0.0,0.0,0.0,False,0
2,11.853980882995529,11.900000000000034,7.786879615439548e-05,1.7590303953702656e-07,2.6222617125198454e-07,0.0,0.0,0.0,0.0,0.0,False,0
2,11.956037347998063,12.00200000000001,7.84632284045331e-05,1.7641106270524238e-07,2.6290076541113653e-07,0.0,0.0,0.0,0.0,0.0,False,0
2,12.058081747993128,12.103999999999985,7.905766065640155e-05,1.7691908649378087e-07,2.635753591305967e-07,0.0,0.0,0.0,0.0,0.0,False,0
2,12.160210566995374,12.206000000000017,7.96520929100381e-05,1.774271108207896e-07,2.6424995246300026e-07,0.0,0.0,0.0,0.0,0.0,False,0
3,0.11106821099383524,0.17000000000001592,9.509101447900854e-06,1.1748417529088364e-07,1.846464151195452e-07,0.0,0.0,0.0,0.0,0.0,False,0
3,0.21308892199886031,0.2720000000000482,1.0103533444524252e-05,1.1799212655770447e-07,1.853210298805305e-07,0.0,0.0,0.0,0.0,0.0,False,0
3,0.31504439199488843,0.37400000000002365,1.0697965443966142e-05,1.1850007849804166e-07,1.859956440754022e-07,0.0,0.0,0.0,0.0,0.0,False,0
3,0.4172084989986615,0.4759999999999991,1.1292397446198768e-05,1.1900803109049837e-07,1.8667025843909746e-07,0.0,0.0,0.0,0.0,0.0,False,0
3,0.5194123319961363,0.5780000000000314,1.1886829451206952e-05,1.195159843551241e-07,1.8734487258176335e-07,0.0,0.0,0.0,0.0,0.0,False,0
3,0.6216436729955603,0.6800000000000068,1.2481261458923039e-05,1.2002393827922103e-07,1.8801948634270945e-07,0.0,0.0,0.0,0.0,0.0,False,0
3,0.7238771799966344,0.7820000000000391,1.3075693469376086e-05,1.205318929016619e-07,1.8869410000644836e-07,0.0,0.0,0.0,0.0,0.0,False,0
3,0.8259104879980441,0.8840000000000146,1.367012548260816e-05,1.2103984815104295e-07,1.893687128540036e-07,0.0,0.0,0.0,0.0,0.0,False,0
3,0.9279458659948432,0.9860000000000468,1.4264557498615358e-05,1.2154780408012927e-07,1.9004332601130317e-07,0.0,0.0,0.0,0.0,0.0,False,0
3,1.0302618219939177,1.0880000000000223,1.4858989517350409e-05,1.2205576066365348e-07,1.9071793909876086e-07,0.0,0.0,0.0,0.0,0.0,False,0
3,1.1320754859989393,1.1900000000000546,1.545342153878382e-05,1.2256371788027792e-07,1.913925518965647e-07,0.0,0.0,0.0,0.0,0.0,False,0
3,1.2341129380001803,1.29200000000003,1.6047853562954628e-05,1.23071675794084e-07,1.9206716440808367e-07,0.0,0.0,0.0,0.0,0.0,False,0
3,1.3365750739976647,1.3940000000000055,1.664228558975571e-05,1.2357963438421313e-07,1.9274177631391367e-07,0.0,0.0,0.0,0.0,0.0,False,0
3,1.4383833359970595,1.4960000000000377,1.7236717619245612e-05,1.24087593569908e-07,1.9341638823786974e-07,0.0,0.0,0.0,0.0,0.0,False,0
3,1.5405144830001518,1.5980000000000132,1.7831149651432576e-05,1.245955534378929e-07,1.9409100007756954e-07,0.0,0.0,0.0,0.0,0.0,False,0
3,1.6427287099941168,1.7000000000000455,1.8425581686255885e-05,1.2510351395159396e-07,1.9476561190060037e-07,0.0,0.0,0.0,0.0,0.0,False,0
3,1.7448761349951383,1.802000000000021,1.9020013723713806e-05,1.256114750955147e-07,1.9544022310526165e-07,0.0,0.0,0.0,0.0,0.0,False,0
3,1.846939785995346,1.9040000000000532,1.9614445763844936e-05,1.2611943694345032e-07,1.9611483379089362e-07,0.0,0.0,0.0,0.0,0.0,False,0
3,1.9489491339991218,2.0060000000000286,2.0208877806574682e-05,1.266273994224349e-07,1.9678944417403382e-07,0.0,0.0,0.0,0.0,0.0,False,0
3,2.0509347309998702,2.108000000000004,2.0803309851945544e-05,1.2713536250165889e-07,1.9746405463255228e-07,0.0,0.0,0.0,0.0,0.0,False,0
3,2.152908778996789,2.2100000000000364,2.1397741899913288e-05,1.2764332628612555e-07,1.9813866476720694e-07,0.0,0.0,0.0,0.0,0.0,False,0
3,2.254950700000336,2.312000000000012,2.1992173950499162e-05,1.2815129068685998e-07,1.9881327470740813e-07,0.0,0.0,0.0,0.0,0.0,False,0
3,2.3572094029950676,2.414000000000044,2.2586606003641586e-05,1.2865925576521058e-07,1.994878844635959e-07,0.0,0.0,0.0,0.0,0.0,False,0
3,2.459504484999343,2.5160000000000196,2.3181038059395635e-05,1.2916722146187763e-07,2.001624939998671e-07,0.0,0.0,0.0,0.0,0.0,False,0
3,2.5617763439950068,2.618000000000052,2.3775470117706667e-05,1.296751878262915e-07,2.0083710320771619e-07,0.0,0.0,0.0,0.0,0.0,False,0
3,2.6640328309949837,2.7200000000000273,2.4369902178565574e-05,1.3018315484465972e-07,2.015117123945674e-07,0.0,0.0,0.0,0.0,0.0,False,0
3,2.7661455559937167,2.8220000000000027,2.496433424196585e-05,1.3069112244702744e-07,2.0218632155797057e-07,0.0,0.0,0.0,0.0,0.0,False,0
3,2.8680327699985355,2.924000000000035,2.5558766307941325e-05,1.3119909077109135e-07,2.0286093020651417e-07,0.0,0.0,0.0,0.0,0.0,False,0
3,2.970222202995501,3.0260000000000105,2.6153198376392683e-05,1.3170705963235978e-07,2.0353553832607785e-07,0.0,0.0,0.0,0.0,0.0,False,0
3,3.0720877109997673,3.1280000000000427,2.6747630447367197e-05,1.322150291961151e-07,2.0421014656651088e-07,0.0,0.0,0.0,0.0,0.0,False,0
3,3.174180096000782,3.230000000000018,2.7342062520842314e-05,1.327229994036321e-07,2.048847545652945e-07,0.0,0.0,0.0,0.0,0.0,False,0
3,3.2765882069943473,3.3320000000000505,2.7936494596743442e-05,1.3323097017736894e-07,2.0555936244781323e-07,0.0,0.0,0.0,0.0,0.0,False,0
3,3.3790181829972425,3.434000000000026,2.853092667514821e-05,1.3373894167692666e-07,2.062339701335854e-07,0.0,0.0,0.0,0.0,0.0,False,0
3,3.480991272997926,3.5360000000000014,2.912535875609695e-05,1.3424691374614029e-07,2.069085772048464e-07,0.0,0.0,0.0,0.0,0.0,False,0
3,3.582826241996372,3.6380000000000337,2.971979083953068e-05,1.347548864736763e-07,2.0758318421739232e-07,0.0,0.0,0.0,0.0,0.0,False,0
3,3.684977507997246,3.740000000000009,3.0314222925415142e-05,1.3526285982301083e-07,2.0825779109675035e-07,0.0,0.0,0.0,0.0,0.0,False,0
3,3.787214120995486,3.8420000000000414,3.0908655013770284e-05,1.3577083382964543e-07,2.0893239801351846e-07,0.0,0.0,0.0,0.0,0.0,False,0
3,3.8891361779969884,3.944000000000017,3.1503087104567916e-05,1.362788084729351e-07,2.0960700444533805e-07,0.0,0.0,0.0,0.0,0.0,False,0
3,3.9910848869985784,4.046000000000049,3.209751919777378e-05,1.367867836662024e-07,2.1028161071130046e-07,0.0,0.0,0.0,0.0,0.0,False,0
3,4.093136080999102,4.148000000000025,3.269195129335404e-05,1.3729475956195587e-07,2.109562166229618e-07,0.0,0.0,0.0,0.0,0.0,False,0
3,4.195345994994568,4.25,3.3286383391338634e-05,1.3780273605755997e-07,2.1163082261778064e-07,0.0,0.0,0.0,0.0,0.0,False,0
3,4.297490377997747,4.352000000000032,3.388081549173189e-05,1.3831071317384967e-07,2.1230542827688614e-07,0.0,0.0,0.0,0.0,0.0,False,0
3,4.3996691909997026,4.454000000000008,3.447524759451126e-05,1.388186909420838e-07,2.1298003389563472e-07,0.0,0.0,0.0,0.0,0.0,False,0
3,4.501998239000386,4.55600000000004,3.506967969967327e-05,1.393266693163912e-07,2.1365463919343943e-07,0.0,0.0,0.0,0.0,0.0,False,0
3,4.604089745997044,4.6580000000000155,3.566411180731723e-05,1.3983464832284248e-07,2.1432924418257964e-07,0.0,0.0,0.0,0.0,0.0,False,0
3,4.706057409995992,4.760000000000048,3.625854391725884e-05,1.4034262795556023e-07,2.1500384916921486e-07,0.0,0.0,0.0,0.0,0.0,False,0
3,4.808048883998708,4.862000000000023,3.68529760295974e-05,1.4085060821408962e-07,2.1567845353222517e-07,0.0,0.0,0.0,0.0,0.0,False,0
3,4.910288528997626,4.963999999999999,3.7447408144264394e-05,1.4135858912543844e-07,2.1635305835729555e-07,0.0,0.0,0.0,0.0,0.0,False,0
3,5.012176502998045,5.066000000000031,3.8041840261273264e-05,1.4186657060768156e-07,2.1702766281692608e-07,0.0,0.0,0.0,0.0,0.0,False,0
3,5.114517039997736,5.168000000000006,3.863627238060493e-05,1.4237455271385525e-07,2.177022666854962e-07,0.0,0.0,0.0,0.0,0.0,False,0
3,5.2165868029987905,5.270000000000039,3.923070450228454e-05,1.4288253545689196e-07,2.1837687045907637e-07,0.0,0.0,0.0,0.0,0.0,False,0
3,5.318710373998329,5.372000000000014,3.982513662623361e-05,1.433905187326871e-07,2.1905147349694993e-07,0.0,0.0,0.0,0.0,0.0,False,0
3,5.4208757119995425,5.474000000000046,4.041956875244952e-05,1.438985027095551e-07,2.197260774488717e-07,0.0,0.0,0.0,0.0,0.0,False,0
3,5.522925687000679,5.576000000000022,4.101400088097479e-05,1.444064872471644e-07,2.2040068066237327e-07,0.0,0.0,0.0,0.0,0.0,False,0
3,5.625047039000492,5.678000000000054,4.160843301177124e-05,1.449144724672122e-07,2.210752837904004e-07,0.0,0.0,0.0,0.0,0.0,False,0
3,5.727041423000628,5.78000000000003,4.220286514488615e-05,1.4542245825793414e-07,2.2174988664039197e-07,0.0,0.0,0.0,0.0,0.0,False,0
3,5.829073171997152,5.882000000000005,4.279729728021327e-05,1.4593044466063975e-07,2.2242448885566753e-07,0.0,0.0,0.0,0.0,0.0,False,0
3,5.931084231000568,5.984000000000037,4.3391729417855806e-05,1.4643843169360945e-07,2.230990909127481e-07,0.0,0.0,0.0,0.0,0.0,False,0
3,6.033103436995589,6.086000000000013,4.398616155761818e-05,1.46946419309161e-07,2.2377369338848195e-07,0.0,0.0,0.0,0.0,0.0,False,0
3,6.135155160998693,6.188000000000045,4.4580593699701174e-05,1.474544075448525e-07,2.244482950675072e-07,0.0,0.0,0.0,0.0,0.0,False,0
3,6.237378683996212,6.2900000000000205,4.5175025843992474e-05,1.4796239642159857e-07,2.2512289717084776e-07,0.0,0.0,0.0,0.0,0.0,False,0
3,6.339733303000685,6.392000000000053,4.576945799052937e-05,1.484703858407589e-07,2.2579749829437542e-07,0.0,0.0,0.0,0.0,0.0,False,0
3,6.441926405997947,6.494000000000028,4.6363890139291056e-05,1.489783759416036e-07,2.264721000242735e-07,0.0,0.0,0.0,0.0,0.0,False,0
3,6.543913683999563,6.596000000000004,4.695832229031395e-05,1.4948636655588493e-07,2.2714670062338437e-07,0.0,0.0,0.0,0.0,0.0,False,0
3,6.646245803000056,6.698000000000036,4.755275444352997e-05,1.4999435781967403e-07,2.2782130185136639e-07,0.0,0.0,0.0,0.0,0.0,False,0
3,6.74803432799672,6.800000000000011,4.814718659894518e-05,1.505023496904233e-07,2.2849590240110247e-07,0.0,0.0,0.0,0.0,0.0,False,0
3,6.850141996997991,6.902000000000044,4.874161875649541e-05,1.5101034217226818e-07,2.2917050336951974e-07,0.0,0.0,0.0,0.0,0.0,False,0
3,6.952066870995623,7.004000000000019,4.9336050916186716e-05,1.5151833525856564e-07,2.298451038382214e-07,0.0,0.0,0.0,0.0,0.0,False,0
3,7.054420165994088,7.106000000000051,4.993048307804079e-05,1.5202632889742618e-07,2.305197041021045e-07,0.0,0.0,0.0,0.0,0.0,False,0
3,7.156562749994919,7.208000000000027,5.0524915242022937e-05,1.5253432320793872e-07,2.3119430374068122e-07,0.0,0.0,0.0,0.0,0.0,False,0
3,7.258673150994582,7.310000000000002,5.1119347408180426e-05,1.5304231806791139e-07,2.3186890359467924e-07,0.0,0.0,0.0,0.0,0.0,False,0
3,7.360837338994315,7.412000000000035,5.171377957645124e-05,1.5355031353904538e-07,2.3254350298473185e-07,0.0,0.0,0.0,0.0,0.0,False,0
3,7.462980780997896,7.51400000000001,5.2308211746886126e-05,1.5405830959576226e-07,2.3321810304861992e-07,0.0,0.0,0.0,0.0,0.0,False,0
3,7.565123637999932,7.616000000000042,5.2902643919454286e-05,1.5456630628414293e-07,2.3389270259885305e-07,0.0,0.0,0.0,0.0,0.0,False,0
3,7.667031282995595,7.718000000000018,5.3497076094126666e-05,1.550743035767423e-07,2.3456730161432398e-07,0.0,0.0,0.0,0.0,0.0,False,0
3,7.76902561699535,7.82000000000005,5.409150827088245e-05,1.555823014704155e-07,2.35241900653294e-07,0.0,0.0,0.0,0.0,0.0,False,0
3,7.871192851998785,7.9220000000000255,5.468594044974505e-05,1.5609029992110854e-07,2.3591649908256683e-07,0.0,0.0,0.0,0.0,0.0,False,0
3,7.973303558996122,8.024000000000001,5.528037263068022e-05,1.5659829898691616e-07,2.3659109744436234e-07,0.0,0.0,0.0,0.0,0.0,False,0
3,8.07558114999847,8.126000000000033,5.5874804813725674e-05,1.5710629861658135e-07,2.3726569576769236e-07,0.0,0.0,0.0,0.0,0.0,False,0
3,8.177758020996407,8.228000000000009,5.646923699882981e-05,1.5761429885295542e-07,2.37940293983377e-07,0.0,0.0,0.0,0.0,0.0,False,0
3,8.280016241995327,8.330000000000041,5.706366918601649e-05,1.5812229968432982e-07,2.386148929136238e-07,0.0,0.0,0.0,0.0,0.0,False,0
3,8.38202693999483,8.432000000000016,5.765810137522585e-05,1.5863030112609522e-07,2.3928949089022376e-07,0.0,0.0,0.0,0.0,0.0,False,0
3,8.483932432995061,8.534000000000049,5.8252533566539866e-05,1.5913830317500338e-07,2.3996408857168963e-07,0.0,0.0,0.0,0.0,0.0,False,0
3,8.58612526700017,8.636000000000024,5.884696575985662e-05,1.5964630572723239e-07,2.406386858980498e-07,0.0,0.0,0.0,0.0,0.0,False,0
3,8.687942164993729,8.738,5.944139795523856e-05,1.6015430892509285e-07,2.413132823223339e-07,0.0,0.0,0.0,0.0,0.0,False,0
3,8.790192367996497,8.840000000000032,6.003583015265967e-05,1.6066231262624585e-07,2.419878795897518e-07,0.0,0.0,0.0,0.0,0.0,False,0
3,8.892293305994826,8.942000000000007,6.06302623520176e-05,1.6117031700106183e-07,2.426624762705694e-07,0.0,0.0,0.0,0.0,0.0,False,0
3,8.994732494997152,9.04400000000004,6.122469455337697e-05,1.6167832190688583e-07,2.4333707371434945e-07,0.0,0.0,0.0,0.0,0.0,False,0
3,9.096858507000434,9.146000000000015,6.181912675672866e-05,1.621863274010644e-07,2.440116702586623e-07,0.0,0.0,0.0,0.0,0.0,False,0
3,9.198891916996217,9.248000000000047,6.241355896198595e-05,1.626943335084721e-07,2.446862669769732e-07,0.0,0.0,0.0,0.0,0.0,False,0
3,9.300941378998687,9.350000000000023,6.300799116929802e-05,1.6320234019743676e-07,2.453608628439002e-07,0.0,0.0,0.0,0.0,0.0,False,0
3,9.403046506995452,9.451999999999998,6.360242337857596e-05,1.63710347505201e-07,2.460354581671067e-07,0.0,0.0,0.0,0.0,0.0,False,0
3,9.505431931000203,9.55400000000003,6.419685558981371e-05,1.6421835533542689e-07,2.4671005414398544e-07,0.0,0.0,0.0,0.0,0.0,False,0
3,9.607590663996234,9.656000000000006,6.479128780308803e-05,1.6472636378305166e-07,2.473846494873729e-07,0.0,0.0,0.0,0.0,0.0,False,0
3,9.709813251000014,9.758000000000038,6.538572001832475e-05,1.6523437276334647e-07,2.4805924521400163e-07,0.0,0.0,0.0,0.0,0.0,False,0
3,9.811756014998537,9.860000000000014,6.598015223555813e-05,1.6574238235639966e-07,2.4873384106787496e-07,0.0,0.0,0.0,0.0,0.0,False,0
3,9.913841374996991,9.962000000000046,6.657458445470449e-05,1.6625039253266772e-07,2.4940843612825185e-07,0.0,0.0,0.0,0.0,0.0,False,0
3,10.015922254999168,10.064000000000021,6.716901667579763e-05,1.6675840327948707e-07,2.5008303071150424e-07,0.0,0.0,0.0,0.0,0.0,False,0
3,10.11807406799926,10.166000000000054,6.776344889882152e-05,1.672664145796611e-07,2.5075762518587753e-07,0.0,0.0,0.0,0.0,0.0,False,0
3,10.220123876999423,10.268000000000029,6.83578811237406e-05,1.6777442645668384e-07,2.5143221966845275e-07,0.0,0.0,0.0,0.0,0.0,False,0
3,10.322076079995895,10.370000000000005,6.895231335045642e-05,1.6828243888426404e-07,2.5210681381843604e-07,0.0,0.0,0.0,0.0,0.0,False,0
3,10.424135283996293,10.472000000000037,6.95467455791611e-05,1.6879045190888836e-07,2.527814082202786e-07,0.0,0.0,0.0,0.0,0.0,False,0
3,10.526338676994783,10.574000000000012,7.014117780967727e-05,1.6929846556300893e-07,2.534560028179701e-07,0.0,0.0,0.0,0.0,0.0,False,0
3,10.628633734995674,10.676000000000045,7.073561004204611e-05,1.698064797012543e-07,2.541305965401617e-07,0.0,0.0,0.0,0.0,0.0,False,0
3,10.730806373998348,10.77800000000002,7.133004227638561e-05,1.703144944614341e-07,2.5480519075534524e-07,0.0,0.0,0.0,0.0,0.0,False,0
3,10.832938403997105,10.880000000000052,7.192447451260251e-05,1.7082250974620645e-07,2.554797836462475e-07,0.0,0.0,0.0,0.0,0.0,False,0
3,10.935023366000678,10.982000000000028,7.25189067506786e-05,1.713305256718056e-07,2.561543767382333e-07,0.0,0.0,0.0,0.0,0.0,False,0
3,11.037082276998262,11.084000000000003,7.311333899067112e-05,1.7183854210418483e-07,2.568289695094103e-07,0.0,0.0,0.0,0.0,0.0,False,0
3,11.138918111995736,11.186000000000035,7.370777123248684e-05,1.7234655913729802e-07,2.5750356183524026e-07,0.0,0.0,0.0,0.0,0.0,False,0
3,11.241028450996964,11.288000000000011,7.430220347616956e-05,1.7285457673172653e-07,2.581781546626368e-07,0.0,0.0,0.0,0.0,0.0,False,0
3,11.3429562589954,11.390000000000043,7.489663572162299e-05,1.7336259487570824e-07,2.588527475853969e-07,0.0,0.0,0.0,0.0,0.0,False,0
3,11.44516461299645,11.492000000000019,7.549106796899286e-05,1.738706136125524e-07,2.5952734065827455e-07,0.0,0.0,0.0,0.0,0.0,False,0
3,11.547592243994586,11.594000000000051,7.608550021813865e-05,1.7437863291520445e-07,2.602019323768191e-07,0.0,0.0,0.0,0.0,0.0,False,0
3,11.649853415998223,11.696000000000026,7.667993246906384e-05,1.7488665276752192e-07,2.608765245429561e-07,0.0,0.0,0.0,0.0,0.0,False,0
3,11.751930687998538,11.798000000000002,7.727436472181959e-05,1.7539467317435095e-07,2.6155111662490383e-07,0.0,0.0,0.0,0.0,0.0,False,0
3,11.853911373997107,11.900000000000034,7.786879697638943e-05,1.759026941468562e-07,2.622257079512219e-07,0.0,0.0,0.0,0.0,0.0,False,0
3,11.956165201998374,12.00200000000001,7.846322923271525e-05,1.7641071570623066e-07,2.6290030013105673e-07,0.0,0.0,0.0,0.0,0.0,False,0
3,12.058054263994563,12.104000000000042,7.90576614908352e-05,1.7691873782408664e-07,2.6357489119027545e-07,0.0,0.0,0.0,0.0,0.0,False,0
3,12.160045596996497,12.206000000000017,7.965209375076273e-05,1.7742676049135933e-07,2.6424948300045346e-07,0.0,0.0,0.0,0.0,0.0,False,0
